OBJECTID,globalid,Shape_Length,Shape_Area,co2_per_ha,co2_per_px,tile_id
1,{A9EC0D35-B59A-491C-8B22-1C0F40EF757A},4464169.7656,1245542622559.04,http://gfw2-data.s3.amazonaws.com/climate/Hansen_emissions/2018_loss/per_hectare/00N_000E_tCO2_ha_AGB_masked_by_loss.tif,http://gfw2-data.s3.amazonaws.com/climate/Hansen_emissions/2018_loss/per_pixel/00N_000E_tCO2_pixel_AGB_masked_by_loss.tif,00N_000E
2,{A0CFE6B8-02F3-43B2-B7BA-005BE2F44016},4464169.7658,1245542622670.93,http://gfw2-data.s3.amazonaws.com/climate/Hansen_emissions/2018_loss/per_hectare/00N_010E_tCO2_ha_AGB_masked_by_loss.tif,http://gfw2-data.s3.amazonaws.com/climate/Hansen_emissions/2018_loss/per_pixel/00N_010E_tCO2_pixel_AGB_masked_by_loss.tif,00N_010E
3,{4CFA92C2-ED44-40B7-815A-FD7EFFA42F13},4464169.7656,1245542622559.04,http://gfw2-data.s3.amazonaws.com/climate/Hansen_emissions/2018_loss/per_hectare/00N_020E_tCO2_ha_AGB_masked_by_loss.tif,http://gfw2-data.s3.amazonaws.com/climate/Hansen_emissions/2018_loss/per_pixel/00N_020E_tCO2_pixel_AGB_masked_by_loss.tif,00N_020E
4,{F60B027B-66E6-4BEB-BF3B-2AB07F716E7B},4464169.7656,1245542622559.04,http://gfw2-data.s3.amazonaws.com/climate/Hansen_emissions/2018_loss/per_hectare/00N_030E_tCO2_ha_AGB_masked_by_loss.tif,http://gfw2-data.s3.amazonaws.com/climate/Hansen_emissions/2018_loss/per_pixel/00N_030E_tCO2_pixel_AGB_masked_by_loss.tif,00N_030E
5,{11AC8BF4-0E83-44FA-A98D-DADF6D16204C},4464169.7658,1245542622670.93,http://gfw2-data.s3.amazonaws.com/climate/Hansen_emissions/2018_loss/per_hectare/00N_040E_tCO2_ha_AGB_masked_by_loss.tif,http://gfw2-data.s3.amazonaws.com/climate/Hansen_emissions/2018_loss/per_pixel/00N_040E_tCO2_pixel_AGB_masked_by_loss.tif,00N_040E
6,{88E64C83-5FE1-4778-9D16-21E019DB8D81},4464169.7656,1245542622559.04,http://gfw2-data.s3.amazonaws.com/climate/Hansen_emissions/2018_loss/per_hectare/00N_040W_tCO2_ha_AGB_masked_by_loss.tif,http://gfw2-data.s3.amazonaws.com/climate/Hansen_emissions/2018_loss/per_pixel/00N_040W_tCO2_pixel_AGB_masked_by_loss.tif,00N_040W
7,{7B2759D2-F564-4F73-AB98-C3CB9E93BA9E},4464169.7658,1245542622670.93,http://gfw2-data.s3.amazonaws.com/climate/Hansen_emissions/2018_loss/per_hectare/00N_050W_tCO2_ha_AGB_masked_by_loss.tif,http://gfw2-data.s3.amazonaws.com/climate/Hansen_emissions/2018_loss/per_pixel/00N_050W_tCO2_pixel_AGB_masked_by_loss.tif,00N_050W
8,{F5D22B4B-ADA6-4875-898F-B242E75720E9},4464169.7656,1245542622559.04,http://gfw2-data.s3.amazonaws.com/climate/Hansen_emissions/2018_loss/per_hectare/00N_060W_tCO2_ha_AGB_masked_by_loss.tif,http://gfw2-data.s3.amazonaws.com/climate/Hansen_emissions/2018_loss/per_pixel/00N_060W_tCO2_pixel_AGB_masked_by_loss.tif,00N_060W
9,{5A21B238-7A54-48CB-BC9C-8E6A4CFA53F7},4464169.7656,1245542622559.04,http://gfw2-data.s3.amazonaws.com/climate/Hansen_emissions/2018_loss/per_hectare/00N_070W_tCO2_ha_AGB_masked_by_loss.tif,http://gfw2-data.s3.amazonaws.com/climate/Hansen_emissions/2018_loss/per_pixel/00N_070W_tCO2_pixel_AGB_masked_by_loss.tif,00N_070W
10,{1C68F297-0401-45AE-B394-51FD02C12D7E},4464169.7658,1245542622670.93,http://gfw2-data.s3.amazonaws.com/climate/Hansen_emissions/2018_loss/per_hectare/00N_080W_tCO2_ha_AGB_masked_by_loss.tif,http://gfw2-data.s3.amazonaws.com/climate/Hansen_emissions/2018_loss/per_pixel/00N_080W_tCO2_pixel_AGB_masked_by_loss.tif,00N_080W
11,{50EEF5C8-8747-4D26-AC56-6779D06AB7A5},4464169.7656,1245542622559.04,http://gfw2-data.s3.amazonaws.com/climate/Hansen_emissions/2018_loss/per_hectare/00N_090E_tCO2_ha_AGB_masked_by_loss.tif,http://gfw2-data.s3.amazonaws.com/climate/Hansen_emissions/2018_loss/per_pixel/00N_090E_tCO2_pixel_AGB_masked_by_loss.tif,00N_090E
12,{0C06C145-AB0D-4276-A57B-EE88948FAF4D},4464169.7656,1245542622559.04,http://gfw2-data.s3.amazonaws.com/climate/Hansen_emissions/2018_loss/per_hectare/00N_090W_tCO2_ha_AGB_masked_by_loss.tif,http://gfw2-data.s3.amazonaws.com/climate/Hansen_emissions/2018_loss/per_pixel/00N_090W_tCO2_pixel_AGB_masked_by_loss.tif,00N_090W
13,{9DF53D16-B2AC-4C78-8F66-713296CC0293},4464169.7658,1245542622670.93,http://gfw2-data.s3.amazonaws.com/climate/Hansen_emissions/2018_loss/per_hectare/00N_100E_tCO2_ha_AGB_masked_by_loss.tif,http://gfw2-data.s3.amazonaws.com/climate/Hansen_emissions/2018_loss/per_pixel/00N_100E_tCO2_pixel_AGB_masked_by_loss.tif,00N_100E
14,{CDF190C4-4BAB-4B74-A438-A8E6F03F60DA},4464169.7656,1245542622559.04,http://gfw2-data.s3.amazonaws.com/climate/Hansen_emissions/2018_loss/per_hectare/00N_100W_tCO2_ha_AGB_masked_by_loss.tif,http://gfw2-data.s3.amazonaws.com/climate/Hansen_emissions/2018_loss/per_pixel/00N_100W_tCO2_pixel_AGB_masked_by_loss.tif,00N_100W
15,{E4C1B8C8-D10B-436B-9422-67C6A8E9C574},4464169.7656,1245542622559.04,http://gfw2-data.s3.amazonaws.com/climate/Hansen_emissions/2018_loss/per_hectare/00N_110E_tCO2_ha_AGB_masked_by_loss.tif,http://gfw2-data.s3.amazonaws.com/climate/Hansen_emissions/2018_loss/per_pixel/00N_110E_tCO2_pixel_AGB_masked_by_loss.tif,00N_110E
16,{6CB3CC59-DDF2-4ABD-8C77-0E7CAD8BDE49},4464169.7656,1245542622559.04,http://gfw2-data.s3.amazonaws.com/climate/Hansen_emissions/2018_loss/per_hectare/00N_120E_tCO2_ha_AGB_masked_by_loss.tif,http://gfw2-data.s3.amazonaws.com/climate/Hansen_emissions/2018_loss/per_pixel/00N_120E_tCO2_pixel_AGB_masked_by_loss.tif,00N_120E
17,{9FB41B54-7E4B-4FA3-AEFE-BE8B53B03E4B},4464169.7658,1245542622670.93,http://gfw2-data.s3.amazonaws.com/climate/Hansen_emissions/2018_loss/per_hectare/00N_130E_tCO2_ha_AGB_masked_by_loss.tif,http://gfw2-data.s3.amazonaws.com/climate/Hansen_emissions/2018_loss/per_pixel/00N_130E_tCO2_pixel_AGB_masked_by_loss.tif,00N_130E
18,{5032E124-89BC-4FDC-AABF-59CD90D20903},4464169.76560001,1245542622559.04,http://gfw2-data.s3.amazonaws.com/climate/Hansen_emissions/2018_loss/per_hectare/00N_140E_tCO2_ha_AGB_masked_by_loss.tif,http://gfw2-data.s3.amazonaws.com/climate/Hansen_emissions/2018_loss/per_pixel/00N_140E_tCO2_pixel_AGB_masked_by_loss.tif,00N_140E
19,{E16EF3EF-B5AB-4EB5-93F0-BA9EE5E71804},4464169.7656,1245542622559.04,http://gfw2-data.s3.amazonaws.com/climate/Hansen_emissions/2018_loss/per_hectare/00N_150E_tCO2_ha_AGB_masked_by_loss.tif,http://gfw2-data.s3.amazonaws.com/climate/Hansen_emissions/2018_loss/per_pixel/00N_150E_tCO2_pixel_AGB_masked_by_loss.tif,00N_150E
20,{91AC46EE-27ED-4A25-8EE2-274D002CE46B},4464169.7658,1245542622670.93,http://gfw2-data.s3.amazonaws.com/climate/Hansen_emissions/2018_loss/per_hectare/00N_160E_tCO2_ha_AGB_masked_by_loss.tif,http://gfw2-data.s3.amazonaws.com/climate/Hansen_emissions/2018_loss/per_pixel/00N_160E_tCO2_pixel_AGB_masked_by_loss.tif,00N_160E
21,{9B742810-FAE4-4D50-B58A-616F4CFD6CD3},4464169.7656,1245542622559.04,http://gfw2-data.s3.amazonaws.com/climate/Hansen_emissions/2018_loss/per_hectare/10N_000E_tCO2_ha_AGB_masked_by_loss.tif,http://gfw2-data.s3.amazonaws.com/climate/Hansen_emissions/2018_loss/per_pixel/10N_000E_tCO2_pixel_AGB_masked_by_loss.tif,10N_000E
22,{E4439B01-2BF3-4681-A18B-B79C8AC60A54},4464169.7658,1245542622670.93,http://gfw2-data.s3.amazonaws.com/climate/Hansen_emissions/2018_loss/per_hectare/10N_010E_tCO2_ha_AGB_masked_by_loss.tif,http://gfw2-data.s3.amazonaws.com/climate/Hansen_emissions/2018_loss/per_pixel/10N_010E_tCO2_pixel_AGB_masked_by_loss.tif,10N_010E
23,{AF16688B-41FD-44F7-A60D-F5E6AECF3490},4464169.7656,1245542622559.04,http://gfw2-data.s3.amazonaws.com/climate/Hansen_emissions/2018_loss/per_hectare/10N_010W_tCO2_ha_AGB_masked_by_loss.tif,http://gfw2-data.s3.amazonaws.com/climate/Hansen_emissions/2018_loss/per_pixel/10N_010W_tCO2_pixel_AGB_masked_by_loss.tif,10N_010W
24,{82D2E825-83E8-413F-AB83-3A253486503E},4464169.7656,1245542622559.04,http://gfw2-data.s3.amazonaws.com/climate/Hansen_emissions/2018_loss/per_hectare/10N_020E_tCO2_ha_AGB_masked_by_loss.tif,http://gfw2-data.s3.amazonaws.com/climate/Hansen_emissions/2018_loss/per_pixel/10N_020E_tCO2_pixel_AGB_masked_by_loss.tif,10N_020E
25,{521C9F69-DECF-4469-A9A0-C78B1DC01EAB},4464169.7658,1245542622670.93,http://gfw2-data.s3.amazonaws.com/climate/Hansen_emissions/2018_loss/per_hectare/10N_020W_tCO2_ha_AGB_masked_by_loss.tif,http://gfw2-data.s3.amazonaws.com/climate/Hansen_emissions/2018_loss/per_pixel/10N_020W_tCO2_pixel_AGB_masked_by_loss.tif,10N_020W
26,{E4341000-240D-4201-975B-FCD164A49178},4464169.7656,1245542622559.04,http://gfw2-data.s3.amazonaws.com/climate/Hansen_emissions/2018_loss/per_hectare/10N_030E_tCO2_ha_AGB_masked_by_loss.tif,http://gfw2-data.s3.amazonaws.com/climate/Hansen_emissions/2018_loss/per_pixel/10N_030E_tCO2_pixel_AGB_masked_by_loss.tif,10N_030E
27,{E968BC4B-39A5-42A6-994E-551DC51DA986},4464169.7658,1245542622670.93,http://gfw2-data.s3.amazonaws.com/climate/Hansen_emissions/2018_loss/per_hectare/10N_040E_tCO2_ha_AGB_masked_by_loss.tif,http://gfw2-data.s3.amazonaws.com/climate/Hansen_emissions/2018_loss/per_pixel/10N_040E_tCO2_pixel_AGB_masked_by_loss.tif,10N_040E
28,{7DAC0035-A37E-46CB-BB63-875A7D81360D},4464169.7658,1245542622670.93,http://gfw2-data.s3.amazonaws.com/climate/Hansen_emissions/2018_loss/per_hectare/10N_050W_tCO2_ha_AGB_masked_by_loss.tif,http://gfw2-data.s3.amazonaws.com/climate/Hansen_emissions/2018_loss/per_pixel/10N_050W_tCO2_pixel_AGB_masked_by_loss.tif,10N_050W
29,{1DBE5EE4-3D58-44A6-8D6D-AFD5C14F64D8},4464169.7656,1245542622559.04,http://gfw2-data.s3.amazonaws.com/climate/Hansen_emissions/2018_loss/per_hectare/10N_060W_tCO2_ha_AGB_masked_by_loss.tif,http://gfw2-data.s3.amazonaws.com/climate/Hansen_emissions/2018_loss/per_pixel/10N_060W_tCO2_pixel_AGB_masked_by_loss.tif,10N_060W
30,{9943E26C-F525-4D0D-A0F3-26280D0B1622},4464169.7658,1245542622670.93,http://gfw2-data.s3.amazonaws.com/climate/Hansen_emissions/2018_loss/per_hectare/10N_070E_tCO2_ha_AGB_masked_by_loss.tif,http://gfw2-data.s3.amazonaws.com/climate/Hansen_emissions/2018_loss/per_pixel/10N_070E_tCO2_pixel_AGB_masked_by_loss.tif,10N_070E
31,{2CF2492F-CCA9-4B4A-8E49-E1B349B527BA},4464169.7656,1245542622559.04,http://gfw2-data.s3.amazonaws.com/climate/Hansen_emissions/2018_loss/per_hectare/10N_070W_tCO2_ha_AGB_masked_by_loss.tif,http://gfw2-data.s3.amazonaws.com/climate/Hansen_emissions/2018_loss/per_pixel/10N_070W_tCO2_pixel_AGB_masked_by_loss.tif,10N_070W
32,{B930B991-7C95-41E5-A42D-A2BF84B3B1A3},4464169.7656,1245542622559.04,http://gfw2-data.s3.amazonaws.com/climate/Hansen_emissions/2018_loss/per_hectare/10N_080E_tCO2_ha_AGB_masked_by_loss.tif,http://gfw2-data.s3.amazonaws.com/climate/Hansen_emissions/2018_loss/per_pixel/10N_080E_tCO2_pixel_AGB_masked_by_loss.tif,10N_080E
33,{6252D969-F8A9-433D-BCEF-CAC1A3B5C4AA},4464169.7658,1245542622670.93,http://gfw2-data.s3.amazonaws.com/climate/Hansen_emissions/2018_loss/per_hectare/10N_080W_tCO2_ha_AGB_masked_by_loss.tif,http://gfw2-data.s3.amazonaws.com/climate/Hansen_emissions/2018_loss/per_pixel/10N_080W_tCO2_pixel_AGB_masked_by_loss.tif,10N_080W
34,{E2220058-97BA-42F3-A74B-6C6D63503C47},4464169.7656,1245542622559.04,http://gfw2-data.s3.amazonaws.com/climate/Hansen_emissions/2018_loss/per_hectare/10N_090E_tCO2_ha_AGB_masked_by_loss.tif,http://gfw2-data.s3.amazonaws.com/climate/Hansen_emissions/2018_loss/per_pixel/10N_090E_tCO2_pixel_AGB_masked_by_loss.tif,10N_090E
35,{E161F334-6729-4B20-8954-403F1428AF39},4464169.7656,1245542622559.04,http://gfw2-data.s3.amazonaws.com/climate/Hansen_emissions/2018_loss/per_hectare/10N_090W_tCO2_ha_AGB_masked_by_loss.tif,http://gfw2-data.s3.amazonaws.com/climate/Hansen_emissions/2018_loss/per_pixel/10N_090W_tCO2_pixel_AGB_masked_by_loss.tif,10N_090W
36,{6F59BD33-2098-4B28-9871-71C436AC4AC4},4464169.7658,1245542622670.93,http://gfw2-data.s3.amazonaws.com/climate/Hansen_emissions/2018_loss/per_hectare/10N_100E_tCO2_ha_AGB_masked_by_loss.tif,http://gfw2-data.s3.amazonaws.com/climate/Hansen_emissions/2018_loss/per_pixel/10N_100E_tCO2_pixel_AGB_masked_by_loss.tif,10N_100E
37,{C013436A-ABB4-4119-AC4D-8624560543EA},4464169.7656,1245542622559.04,http://gfw2-data.s3.amazonaws.com/climate/Hansen_emissions/2018_loss/per_hectare/10N_100W_tCO2_ha_AGB_masked_by_loss.tif,http://gfw2-data.s3.amazonaws.com/climate/Hansen_emissions/2018_loss/per_pixel/10N_100W_tCO2_pixel_AGB_masked_by_loss.tif,10N_100W
38,{26A62811-15AD-4022-B7CE-402B0D0A72B1},4464169.7656,1245542622559.04,http://gfw2-data.s3.amazonaws.com/climate/Hansen_emissions/2018_loss/per_hectare/10N_110E_tCO2_ha_AGB_masked_by_loss.tif,http://gfw2-data.s3.amazonaws.com/climate/Hansen_emissions/2018_loss/per_pixel/10N_110E_tCO2_pixel_AGB_masked_by_loss.tif,10N_110E
39,{69164AC2-646A-4ED4-A49F-CA107F9B3391},4464169.7656,1245542622559.04,http://gfw2-data.s3.amazonaws.com/climate/Hansen_emissions/2018_loss/per_hectare/10N_120E_tCO2_ha_AGB_masked_by_loss.tif,http://gfw2-data.s3.amazonaws.com/climate/Hansen_emissions/2018_loss/per_pixel/10N_120E_tCO2_pixel_AGB_masked_by_loss.tif,10N_120E
40,{1B4B565B-09A6-4AAC-952D-9DF438DE794B},4464169.7658,1245542622670.93,http://gfw2-data.s3.amazonaws.com/climate/Hansen_emissions/2018_loss/per_hectare/10N_130E_tCO2_ha_AGB_masked_by_loss.tif,http://gfw2-data.s3.amazonaws.com/climate/Hansen_emissions/2018_loss/per_pixel/10N_130E_tCO2_pixel_AGB_masked_by_loss.tif,10N_130E
41,{B50C311D-3792-4896-B98A-2D7015C4220C},4534671.7202,1284783830991.99,http://gfw2-data.s3.amazonaws.com/climate/Hansen_emissions/2018_loss/per_hectare/10S_010E_tCO2_ha_AGB_masked_by_loss.tif,http://gfw2-data.s3.amazonaws.com/climate/Hansen_emissions/2018_loss/per_pixel/10S_010E_tCO2_pixel_AGB_masked_by_loss.tif,10S_010E
42,{C9F001D8-C302-4D25-BCE6-75391F0C5329},4534671.72,1284783830876.58,http://gfw2-data.s3.amazonaws.com/climate/Hansen_emissions/2018_loss/per_hectare/10S_020E_tCO2_ha_AGB_masked_by_loss.tif,http://gfw2-data.s3.amazonaws.com/climate/Hansen_emissions/2018_loss/per_pixel/10S_020E_tCO2_pixel_AGB_masked_by_loss.tif,10S_020E
43,{E59ECA08-CC50-4893-A6C9-47E4807E9D30},4534671.72000001,1284783830876.58,http://gfw2-data.s3.amazonaws.com/climate/Hansen_emissions/2018_loss/per_hectare/10S_030E_tCO2_ha_AGB_masked_by_loss.tif,http://gfw2-data.s3.amazonaws.com/climate/Hansen_emissions/2018_loss/per_pixel/10S_030E_tCO2_pixel_AGB_masked_by_loss.tif,10S_030E
44,{8B53957D-B186-4C15-9BE4-4D9ED2332D85},4534671.7202,1284783830991.99,http://gfw2-data.s3.amazonaws.com/climate/Hansen_emissions/2018_loss/per_hectare/10S_040E_tCO2_ha_AGB_masked_by_loss.tif,http://gfw2-data.s3.amazonaws.com/climate/Hansen_emissions/2018_loss/per_pixel/10S_040E_tCO2_pixel_AGB_masked_by_loss.tif,10S_040E
45,{A39E2E22-18E1-4FF0-BF0D-5D3EB4B32F4A},4534671.72,1284783830876.58,http://gfw2-data.s3.amazonaws.com/climate/Hansen_emissions/2018_loss/per_hectare/10S_040W_tCO2_ha_AGB_masked_by_loss.tif,http://gfw2-data.s3.amazonaws.com/climate/Hansen_emissions/2018_loss/per_pixel/10S_040W_tCO2_pixel_AGB_masked_by_loss.tif,10S_040W
46,{945516DD-FAE0-4CAE-B824-1572EFD721B2},4534671.72,1284783830876.58,http://gfw2-data.s3.amazonaws.com/climate/Hansen_emissions/2018_loss/per_hectare/10S_050E_tCO2_ha_AGB_masked_by_loss.tif,http://gfw2-data.s3.amazonaws.com/climate/Hansen_emissions/2018_loss/per_pixel/10S_050E_tCO2_pixel_AGB_masked_by_loss.tif,10S_050E
47,{2AD3BA46-73B3-4FF0-B8E9-5F24EBA39222},4534671.7202,1284783830991.99,http://gfw2-data.s3.amazonaws.com/climate/Hansen_emissions/2018_loss/per_hectare/10S_050W_tCO2_ha_AGB_masked_by_loss.tif,http://gfw2-data.s3.amazonaws.com/climate/Hansen_emissions/2018_loss/per_pixel/10S_050W_tCO2_pixel_AGB_masked_by_loss.tif,10S_050W
48,{EA7C33EA-7727-4F99-8B45-A8401FCB69D2},4534671.72,1284783830876.58,http://gfw2-data.s3.amazonaws.com/climate/Hansen_emissions/2018_loss/per_hectare/10S_060W_tCO2_ha_AGB_masked_by_loss.tif,http://gfw2-data.s3.amazonaws.com/climate/Hansen_emissions/2018_loss/per_pixel/10S_060W_tCO2_pixel_AGB_masked_by_loss.tif,10S_060W
49,{99C8D306-6054-466C-8828-9EDE934F3142},4534671.72,1284783830876.58,http://gfw2-data.s3.amazonaws.com/climate/Hansen_emissions/2018_loss/per_hectare/10S_070W_tCO2_ha_AGB_masked_by_loss.tif,http://gfw2-data.s3.amazonaws.com/climate/Hansen_emissions/2018_loss/per_pixel/10S_070W_tCO2_pixel_AGB_masked_by_loss.tif,10S_070W
50,{729D9E5A-B55B-4B39-BA5F-4D4D86F1B554},4534671.7202,1284783830991.99,http://gfw2-data.s3.amazonaws.com/climate/Hansen_emissions/2018_loss/per_hectare/10S_080W_tCO2_ha_AGB_masked_by_loss.tif,http://gfw2-data.s3.amazonaws.com/climate/Hansen_emissions/2018_loss/per_pixel/10S_080W_tCO2_pixel_AGB_masked_by_loss.tif,10S_080W
51,{8E7F7CD3-E7BD-4A58-AD67-B6A03D2439DE},4534671.72,1284783830876.58,http://gfw2-data.s3.amazonaws.com/climate/Hansen_emissions/2018_loss/per_hectare/10S_110E_tCO2_ha_AGB_masked_by_loss.tif,http://gfw2-data.s3.amazonaws.com/climate/Hansen_emissions/2018_loss/per_pixel/10S_110E_tCO2_pixel_AGB_masked_by_loss.tif,10S_110E
52,{94B4BD7F-F653-4718-906E-8119E6390E43},4534671.72,1284783830876.58,http://gfw2-data.s3.amazonaws.com/climate/Hansen_emissions/2018_loss/per_hectare/10S_120E_tCO2_ha_AGB_masked_by_loss.tif,http://gfw2-data.s3.amazonaws.com/climate/Hansen_emissions/2018_loss/per_pixel/10S_120E_tCO2_pixel_AGB_masked_by_loss.tif,10S_120E
53,{3B7F88B9-0C43-4165-A9B3-E9DF6CD0CF2B},4534671.7202,1284783830991.99,http://gfw2-data.s3.amazonaws.com/climate/Hansen_emissions/2018_loss/per_hectare/10S_130E_tCO2_ha_AGB_masked_by_loss.tif,http://gfw2-data.s3.amazonaws.com/climate/Hansen_emissions/2018_loss/per_pixel/10S_130E_tCO2_pixel_AGB_masked_by_loss.tif,10S_130E
54,{3C2A3605-E199-4CE5-A0C8-003F5A496443},4534671.72000001,1284783830876.59,http://gfw2-data.s3.amazonaws.com/climate/Hansen_emissions/2018_loss/per_hectare/10S_140E_tCO2_ha_AGB_masked_by_loss.tif,http://gfw2-data.s3.amazonaws.com/climate/Hansen_emissions/2018_loss/per_pixel/10S_140E_tCO2_pixel_AGB_masked_by_loss.tif,10S_140E
55,{7636910E-077E-4742-8B77-DB6B0584AC55},4534671.72,1284783830876.58,http://gfw2-data.s3.amazonaws.com/climate/Hansen_emissions/2018_loss/per_hectare/10S_150E_tCO2_ha_AGB_masked_by_loss.tif,http://gfw2-data.s3.amazonaws.com/climate/Hansen_emissions/2018_loss/per_pixel/10S_150E_tCO2_pixel_AGB_masked_by_loss.tif,10S_150E
56,{F5377504-CAAA-4423-BFD7-67D74059E5F1},4534671.7202,1284783830991.99,http://gfw2-data.s3.amazonaws.com/climate/Hansen_emissions/2018_loss/per_hectare/10S_160E_tCO2_ha_AGB_masked_by_loss.tif,http://gfw2-data.s3.amazonaws.com/climate/Hansen_emissions/2018_loss/per_pixel/10S_160E_tCO2_pixel_AGB_masked_by_loss.tif,10S_160E
57,{2D145475-F170-4553-8BFD-5990745E6526},4534669.1688,1284782358654.38,http://gfw2-data.s3.amazonaws.com/climate/Hansen_emissions/2018_loss/per_hectare/10S_170E_tCO2_ha_AGB_masked_by_loss.tif,http://gfw2-data.s3.amazonaws.com/climate/Hansen_emissions/2018_loss/per_pixel/10S_170E_tCO2_pixel_AGB_masked_by_loss.tif,10S_170E
58,{55D3862B-2180-4292-85EC-3E70E163D59E},4534671.72000001,1284783830876.58,http://gfw2-data.s3.amazonaws.com/climate/Hansen_emissions/2018_loss/per_hectare/20N_000E_tCO2_ha_AGB_masked_by_loss.tif,http://gfw2-data.s3.amazonaws.com/climate/Hansen_emissions/2018_loss/per_pixel/20N_000E_tCO2_pixel_AGB_masked_by_loss.tif,20N_000E
59,{D51B701B-1328-4455-8765-109EABF73AB1},4534671.7202,1284783830991.99,http://gfw2-data.s3.amazonaws.com/climate/Hansen_emissions/2018_loss/per_hectare/20N_010E_tCO2_ha_AGB_masked_by_loss.tif,http://gfw2-data.s3.amazonaws.com/climate/Hansen_emissions/2018_loss/per_pixel/20N_010E_tCO2_pixel_AGB_masked_by_loss.tif,20N_010E
60,{5541AC3A-A04F-4E51-9FFD-009EDC1D02C0},4534671.72000001,1284783830876.58,http://gfw2-data.s3.amazonaws.com/climate/Hansen_emissions/2018_loss/per_hectare/20N_010W_tCO2_ha_AGB_masked_by_loss.tif,http://gfw2-data.s3.amazonaws.com/climate/Hansen_emissions/2018_loss/per_pixel/20N_010W_tCO2_pixel_AGB_masked_by_loss.tif,20N_010W
61,{619BE3BE-A861-4D13-9346-DBD8B6C2EC90},4534671.72,1284783830876.58,http://gfw2-data.s3.amazonaws.com/climate/Hansen_emissions/2018_loss/per_hectare/20N_020E_tCO2_ha_AGB_masked_by_loss.tif,http://gfw2-data.s3.amazonaws.com/climate/Hansen_emissions/2018_loss/per_pixel/20N_020E_tCO2_pixel_AGB_masked_by_loss.tif,20N_020E
62,{4077E580-2A05-468A-8617-D192C118189D},4534671.7202,1284783830991.99,http://gfw2-data.s3.amazonaws.com/climate/Hansen_emissions/2018_loss/per_hectare/20N_020W_tCO2_ha_AGB_masked_by_loss.tif,http://gfw2-data.s3.amazonaws.com/climate/Hansen_emissions/2018_loss/per_pixel/20N_020W_tCO2_pixel_AGB_masked_by_loss.tif,20N_020W
63,{3DF8B170-2E8B-4809-AD08-158B196FF81B},4534671.72000001,1284783830876.58,http://gfw2-data.s3.amazonaws.com/climate/Hansen_emissions/2018_loss/per_hectare/20N_030E_tCO2_ha_AGB_masked_by_loss.tif,http://gfw2-data.s3.amazonaws.com/climate/Hansen_emissions/2018_loss/per_pixel/20N_030E_tCO2_pixel_AGB_masked_by_loss.tif,20N_030E
64,{171569E2-79AF-431E-A0D7-1699F26A4106},4534671.7202,1284783830991.99,http://gfw2-data.s3.amazonaws.com/climate/Hansen_emissions/2018_loss/per_hectare/20N_040E_tCO2_ha_AGB_masked_by_loss.tif,http://gfw2-data.s3.amazonaws.com/climate/Hansen_emissions/2018_loss/per_pixel/20N_040E_tCO2_pixel_AGB_masked_by_loss.tif,20N_040E
65,{8DDA97E6-DC65-4A28-B5B6-1B38E3B7EE44},4534671.72,1284783830876.58,http://gfw2-data.s3.amazonaws.com/climate/Hansen_emissions/2018_loss/per_hectare/20N_050E_tCO2_ha_AGB_masked_by_loss.tif,http://gfw2-data.s3.amazonaws.com/climate/Hansen_emissions/2018_loss/per_pixel/20N_050E_tCO2_pixel_AGB_masked_by_loss.tif,20N_050E
66,{1D61F5FD-4B12-4FE4-918E-0BC452DC5513},4534671.72,1284783830876.58,http://gfw2-data.s3.amazonaws.com/climate/Hansen_emissions/2018_loss/per_hectare/20N_060W_tCO2_ha_AGB_masked_by_loss.tif,http://gfw2-data.s3.amazonaws.com/climate/Hansen_emissions/2018_loss/per_pixel/20N_060W_tCO2_pixel_AGB_masked_by_loss.tif,20N_060W
67,{997BBCF8-B03B-4A50-B6BB-F3493C00CDD8},4534671.7202,1284783830991.99,http://gfw2-data.s3.amazonaws.com/climate/Hansen_emissions/2018_loss/per_hectare/20N_070E_tCO2_ha_AGB_masked_by_loss.tif,http://gfw2-data.s3.amazonaws.com/climate/Hansen_emissions/2018_loss/per_pixel/20N_070E_tCO2_pixel_AGB_masked_by_loss.tif,20N_070E
68,{22113DF7-FA0B-429E-BD65-A1258891C426},4534671.72,1284783830876.58,http://gfw2-data.s3.amazonaws.com/climate/Hansen_emissions/2018_loss/per_hectare/20N_070W_tCO2_ha_AGB_masked_by_loss.tif,http://gfw2-data.s3.amazonaws.com/climate/Hansen_emissions/2018_loss/per_pixel/20N_070W_tCO2_pixel_AGB_masked_by_loss.tif,20N_070W
69,{2773D6C6-A551-490A-A832-819A1FCCBED0},4534671.72,1284783830876.58,http://gfw2-data.s3.amazonaws.com/climate/Hansen_emissions/2018_loss/per_hectare/20N_080E_tCO2_ha_AGB_masked_by_loss.tif,http://gfw2-data.s3.amazonaws.com/climate/Hansen_emissions/2018_loss/per_pixel/20N_080E_tCO2_pixel_AGB_masked_by_loss.tif,20N_080E
70,{C6FDA9D2-91E0-4843-8E89-0F00229D1A1D},4534671.7202,1284783830991.99,http://gfw2-data.s3.amazonaws.com/climate/Hansen_emissions/2018_loss/per_hectare/20N_080W_tCO2_ha_AGB_masked_by_loss.tif,http://gfw2-data.s3.amazonaws.com/climate/Hansen_emissions/2018_loss/per_pixel/20N_080W_tCO2_pixel_AGB_masked_by_loss.tif,20N_080W
71,{CFDF1B6D-62E8-4A5A-8DCB-7FAA06DE5306},4534671.72000001,1284783830876.58,http://gfw2-data.s3.amazonaws.com/climate/Hansen_emissions/2018_loss/per_hectare/20N_090E_tCO2_ha_AGB_masked_by_loss.tif,http://gfw2-data.s3.amazonaws.com/climate/Hansen_emissions/2018_loss/per_pixel/20N_090E_tCO2_pixel_AGB_masked_by_loss.tif,20N_090E
72,{0C04E57C-B57B-411C-AF65-3A3DCF5315AD},4534671.72,1284783830876.58,http://gfw2-data.s3.amazonaws.com/climate/Hansen_emissions/2018_loss/per_hectare/20N_090W_tCO2_ha_AGB_masked_by_loss.tif,http://gfw2-data.s3.amazonaws.com/climate/Hansen_emissions/2018_loss/per_pixel/20N_090W_tCO2_pixel_AGB_masked_by_loss.tif,20N_090W
73,{888B3675-5EA6-4BD9-B4CC-83F7D705DC37},4534671.7202,1284783830991.99,http://gfw2-data.s3.amazonaws.com/climate/Hansen_emissions/2018_loss/per_hectare/20N_100E_tCO2_ha_AGB_masked_by_loss.tif,http://gfw2-data.s3.amazonaws.com/climate/Hansen_emissions/2018_loss/per_pixel/20N_100E_tCO2_pixel_AGB_masked_by_loss.tif,20N_100E
74,{2A5E1904-E82F-4463-993F-97E03949348C},4534671.72,1284783830876.58,http://gfw2-data.s3.amazonaws.com/climate/Hansen_emissions/2018_loss/per_hectare/20N_100W_tCO2_ha_AGB_masked_by_loss.tif,http://gfw2-data.s3.amazonaws.com/climate/Hansen_emissions/2018_loss/per_pixel/20N_100W_tCO2_pixel_AGB_masked_by_loss.tif,20N_100W
75,{5C433C49-9DEA-46F1-9E65-49FFB0F8CC9A},4534671.72,1284783830876.58,http://gfw2-data.s3.amazonaws.com/climate/Hansen_emissions/2018_loss/per_hectare/20N_110E_tCO2_ha_AGB_masked_by_loss.tif,http://gfw2-data.s3.amazonaws.com/climate/Hansen_emissions/2018_loss/per_pixel/20N_110E_tCO2_pixel_AGB_masked_by_loss.tif,20N_110E
76,{B13A9AD7-14F5-437F-8A8D-0B2E3D5B7547},4534671.72020001,1284783830992,http://gfw2-data.s3.amazonaws.com/climate/Hansen_emissions/2018_loss/per_hectare/20N_110W_tCO2_ha_AGB_masked_by_loss.tif,http://gfw2-data.s3.amazonaws.com/climate/Hansen_emissions/2018_loss/per_pixel/20N_110W_tCO2_pixel_AGB_masked_by_loss.tif,20N_110W
77,{FD3FA66E-D271-4CEE-B0FD-97FDB4CC3F3A},4534671.72,1284783830876.58,http://gfw2-data.s3.amazonaws.com/climate/Hansen_emissions/2018_loss/per_hectare/20N_120E_tCO2_ha_AGB_masked_by_loss.tif,http://gfw2-data.s3.amazonaws.com/climate/Hansen_emissions/2018_loss/per_pixel/20N_120E_tCO2_pixel_AGB_masked_by_loss.tif,20N_120E
78,{178F352A-432E-4A7E-A319-29B271DDAA4A},4534671.72000001,1284783830876.58,http://gfw2-data.s3.amazonaws.com/climate/Hansen_emissions/2018_loss/per_hectare/20N_160W_tCO2_ha_AGB_masked_by_loss.tif,http://gfw2-data.s3.amazonaws.com/climate/Hansen_emissions/2018_loss/per_pixel/20N_160W_tCO2_pixel_AGB_masked_by_loss.tif,20N_160W
79,{C9356D75-524B-4C90-A65C-E4992A6AAC9B},4687427.649,1369807392045.48,http://gfw2-data.s3.amazonaws.com/climate/Hansen_emissions/2018_loss/per_hectare/20S_010E_tCO2_ha_AGB_masked_by_loss.tif,http://gfw2-data.s3.amazonaws.com/climate/Hansen_emissions/2018_loss/per_pixel/20S_010E_tCO2_pixel_AGB_masked_by_loss.tif,20S_010E
80,{120BBA16-5296-46C6-8406-299A08E4B40C},4687427.64879999,1369807391922.42,http://gfw2-data.s3.amazonaws.com/climate/Hansen_emissions/2018_loss/per_hectare/20S_020E_tCO2_ha_AGB_masked_by_loss.tif,http://gfw2-data.s3.amazonaws.com/climate/Hansen_emissions/2018_loss/per_pixel/20S_020E_tCO2_pixel_AGB_masked_by_loss.tif,20S_020E
81,{EB235FE2-8F8A-447A-AAC7-169B8E8693DA},4687427.6488,1369807391922.43,http://gfw2-data.s3.amazonaws.com/climate/Hansen_emissions/2018_loss/per_hectare/20S_030E_tCO2_ha_AGB_masked_by_loss.tif,http://gfw2-data.s3.amazonaws.com/climate/Hansen_emissions/2018_loss/per_pixel/20S_030E_tCO2_pixel_AGB_masked_by_loss.tif,20S_030E
82,{AE8C1634-B609-4CD7-84B3-54A213DF26F4},4687427.649,1369807392045.48,http://gfw2-data.s3.amazonaws.com/climate/Hansen_emissions/2018_loss/per_hectare/20S_040E_tCO2_ha_AGB_masked_by_loss.tif,http://gfw2-data.s3.amazonaws.com/climate/Hansen_emissions/2018_loss/per_pixel/20S_040E_tCO2_pixel_AGB_masked_by_loss.tif,20S_040E
83,{C60EDC92-4B71-4427-A3B3-584C79874763},4687427.64879999,1369807391922.42,http://gfw2-data.s3.amazonaws.com/climate/Hansen_emissions/2018_loss/per_hectare/20S_050E_tCO2_ha_AGB_masked_by_loss.tif,http://gfw2-data.s3.amazonaws.com/climate/Hansen_emissions/2018_loss/per_pixel/20S_050E_tCO2_pixel_AGB_masked_by_loss.tif,20S_050E
84,{D1597846-A951-46E4-9451-44F1F4501135},4687427.649,1369807392045.48,http://gfw2-data.s3.amazonaws.com/climate/Hansen_emissions/2018_loss/per_hectare/20S_050W_tCO2_ha_AGB_masked_by_loss.tif,http://gfw2-data.s3.amazonaws.com/climate/Hansen_emissions/2018_loss/per_pixel/20S_050W_tCO2_pixel_AGB_masked_by_loss.tif,20S_050W
85,{3DF0E803-B0A4-405A-A369-76FBF9E8B6B3},4687427.6488,1369807391922.42,http://gfw2-data.s3.amazonaws.com/climate/Hansen_emissions/2018_loss/per_hectare/20S_060W_tCO2_ha_AGB_masked_by_loss.tif,http://gfw2-data.s3.amazonaws.com/climate/Hansen_emissions/2018_loss/per_pixel/20S_060W_tCO2_pixel_AGB_masked_by_loss.tif,20S_060W
86,{C7B3297F-C385-495C-9C83-2BFAD3764A9B},4687427.6488,1369807391922.42,http://gfw2-data.s3.amazonaws.com/climate/Hansen_emissions/2018_loss/per_hectare/20S_070W_tCO2_ha_AGB_masked_by_loss.tif,http://gfw2-data.s3.amazonaws.com/climate/Hansen_emissions/2018_loss/per_pixel/20S_070W_tCO2_pixel_AGB_masked_by_loss.tif,20S_070W
87,{F0D69D81-2716-41BF-AA57-348E8019E476},4687427.649,1369807392045.48,http://gfw2-data.s3.amazonaws.com/climate/Hansen_emissions/2018_loss/per_hectare/20S_080W_tCO2_ha_AGB_masked_by_loss.tif,http://gfw2-data.s3.amazonaws.com/climate/Hansen_emissions/2018_loss/per_pixel/20S_080W_tCO2_pixel_AGB_masked_by_loss.tif,20S_080W
88,{B05ACFC8-B8E4-4738-BEA4-B5AB71FDE50A},4687427.64879999,1369807391922.42,http://gfw2-data.s3.amazonaws.com/climate/Hansen_emissions/2018_loss/per_hectare/20S_110E_tCO2_ha_AGB_masked_by_loss.tif,http://gfw2-data.s3.amazonaws.com/climate/Hansen_emissions/2018_loss/per_pixel/20S_110E_tCO2_pixel_AGB_masked_by_loss.tif,20S_110E
89,{9FAED435-5243-45B6-A568-5F4864CA297A},4687427.64879999,1369807391922.42,http://gfw2-data.s3.amazonaws.com/climate/Hansen_emissions/2018_loss/per_hectare/20S_120E_tCO2_ha_AGB_masked_by_loss.tif,http://gfw2-data.s3.amazonaws.com/climate/Hansen_emissions/2018_loss/per_pixel/20S_120E_tCO2_pixel_AGB_masked_by_loss.tif,20S_120E
90,{FC224A3C-2669-4933-A8F6-989F7601F2CB},4687427.649,1369807392045.48,http://gfw2-data.s3.amazonaws.com/climate/Hansen_emissions/2018_loss/per_hectare/20S_130E_tCO2_ha_AGB_masked_by_loss.tif,http://gfw2-data.s3.amazonaws.com/climate/Hansen_emissions/2018_loss/per_pixel/20S_130E_tCO2_pixel_AGB_masked_by_loss.tif,20S_130E
91,{DAFDC99B-FA03-415A-99C5-E77D10F10C84},4687427.64880001,1369807391922.43,http://gfw2-data.s3.amazonaws.com/climate/Hansen_emissions/2018_loss/per_hectare/20S_140E_tCO2_ha_AGB_masked_by_loss.tif,http://gfw2-data.s3.amazonaws.com/climate/Hansen_emissions/2018_loss/per_pixel/20S_140E_tCO2_pixel_AGB_masked_by_loss.tif,20S_140E
92,{5030F774-3D2E-4C65-82BD-4EBC631D1E10},4687427.64879999,1369807391922.42,http://gfw2-data.s3.amazonaws.com/climate/Hansen_emissions/2018_loss/per_hectare/20S_150E_tCO2_ha_AGB_masked_by_loss.tif,http://gfw2-data.s3.amazonaws.com/climate/Hansen_emissions/2018_loss/per_pixel/20S_150E_tCO2_pixel_AGB_masked_by_loss.tif,20S_150E
93,{008676FF-178A-4B59-BB50-24BE8EFAF9F4},4687427.649,1369807392045.48,http://gfw2-data.s3.amazonaws.com/climate/Hansen_emissions/2018_loss/per_hectare/20S_160E_tCO2_ha_AGB_masked_by_loss.tif,http://gfw2-data.s3.amazonaws.com/climate/Hansen_emissions/2018_loss/per_pixel/20S_160E_tCO2_pixel_AGB_masked_by_loss.tif,20S_160E
94,{61DC2FB9-DFDB-4257-871A-8044FC3813EB},4687427.64919999,1369807392156.79,http://gfw2-data.s3.amazonaws.com/climate/Hansen_emissions/2018_loss/per_hectare/30N_020W_tCO2_ha_AGB_masked_by_loss.tif,http://gfw2-data.s3.amazonaws.com/climate/Hansen_emissions/2018_loss/per_pixel/30N_020W_tCO2_pixel_AGB_masked_by_loss.tif,30N_020W
95,{17CB3403-A2E7-4740-BE3A-67D7576A1420},4687427.649,1369807392033.74,http://gfw2-data.s3.amazonaws.com/climate/Hansen_emissions/2018_loss/per_hectare/30N_030E_tCO2_ha_AGB_masked_by_loss.tif,http://gfw2-data.s3.amazonaws.com/climate/Hansen_emissions/2018_loss/per_pixel/30N_030E_tCO2_pixel_AGB_masked_by_loss.tif,30N_030E
96,{0E51136B-6A28-4107-9DC3-98544DE644AC},4687427.64899999,1369807392033.74,http://gfw2-data.s3.amazonaws.com/climate/Hansen_emissions/2018_loss/per_hectare/30N_050E_tCO2_ha_AGB_masked_by_loss.tif,http://gfw2-data.s3.amazonaws.com/climate/Hansen_emissions/2018_loss/per_pixel/30N_050E_tCO2_pixel_AGB_masked_by_loss.tif,30N_050E
97,{028355C8-768F-4EC8-B922-2D1C6675C6E0},4687427.649,1369807392033.74,http://gfw2-data.s3.amazonaws.com/climate/Hansen_emissions/2018_loss/per_hectare/30N_060E_tCO2_ha_AGB_masked_by_loss.tif,http://gfw2-data.s3.amazonaws.com/climate/Hansen_emissions/2018_loss/per_pixel/30N_060E_tCO2_pixel_AGB_masked_by_loss.tif,30N_060E
98,{DF7A04B3-024E-431F-BFDD-B9F93083DCA3},4687427.64919999,1369807392156.79,http://gfw2-data.s3.amazonaws.com/climate/Hansen_emissions/2018_loss/per_hectare/30N_070E_tCO2_ha_AGB_masked_by_loss.tif,http://gfw2-data.s3.amazonaws.com/climate/Hansen_emissions/2018_loss/per_pixel/30N_070E_tCO2_pixel_AGB_masked_by_loss.tif,30N_070E
99,{CAE162C1-C3F3-45DB-8226-25FFFB2692CC},4687427.64899999,1369807392033.74,http://gfw2-data.s3.amazonaws.com/climate/Hansen_emissions/2018_loss/per_hectare/30N_080E_tCO2_ha_AGB_masked_by_loss.tif,http://gfw2-data.s3.amazonaws.com/climate/Hansen_emissions/2018_loss/per_pixel/30N_080E_tCO2_pixel_AGB_masked_by_loss.tif,30N_080E
100,{44513EB8-697B-406C-863C-EF8BF869E26D},4687427.64919999,1369807392156.79,http://gfw2-data.s3.amazonaws.com/climate/Hansen_emissions/2018_loss/per_hectare/30N_080W_tCO2_ha_AGB_masked_by_loss.tif,http://gfw2-data.s3.amazonaws.com/climate/Hansen_emissions/2018_loss/per_pixel/30N_080W_tCO2_pixel_AGB_masked_by_loss.tif,30N_080W
101,{44C951E2-9B31-48FB-B4C2-B534EA15442C},4687427.649,1369807392033.74,http://gfw2-data.s3.amazonaws.com/climate/Hansen_emissions/2018_loss/per_hectare/30N_090E_tCO2_ha_AGB_masked_by_loss.tif,http://gfw2-data.s3.amazonaws.com/climate/Hansen_emissions/2018_loss/per_pixel/30N_090E_tCO2_pixel_AGB_masked_by_loss.tif,30N_090E
102,{5D0B8A4B-C72C-4DB3-8F79-96401C016DD8},4687427.64899999,1369807392033.74,http://gfw2-data.s3.amazonaws.com/climate/Hansen_emissions/2018_loss/per_hectare/30N_090W_tCO2_ha_AGB_masked_by_loss.tif,http://gfw2-data.s3.amazonaws.com/climate/Hansen_emissions/2018_loss/per_pixel/30N_090W_tCO2_pixel_AGB_masked_by_loss.tif,30N_090W
103,{B38FA2F6-6891-4009-8835-B4BB2A4674B5},4687427.64919999,1369807392156.79,http://gfw2-data.s3.amazonaws.com/climate/Hansen_emissions/2018_loss/per_hectare/30N_100E_tCO2_ha_AGB_masked_by_loss.tif,http://gfw2-data.s3.amazonaws.com/climate/Hansen_emissions/2018_loss/per_pixel/30N_100E_tCO2_pixel_AGB_masked_by_loss.tif,30N_100E
104,{0C2CC53B-F173-4A5A-A6A6-7E5F09B4753E},4687427.64899999,1369807392033.74,http://gfw2-data.s3.amazonaws.com/climate/Hansen_emissions/2018_loss/per_hectare/30N_100W_tCO2_ha_AGB_masked_by_loss.tif,http://gfw2-data.s3.amazonaws.com/climate/Hansen_emissions/2018_loss/per_pixel/30N_100W_tCO2_pixel_AGB_masked_by_loss.tif,30N_100W
105,{85F237EF-BA20-4C6C-8384-FFEE17D136DB},4687427.64899999,1369807392033.74,http://gfw2-data.s3.amazonaws.com/climate/Hansen_emissions/2018_loss/per_hectare/30N_110E_tCO2_ha_AGB_masked_by_loss.tif,http://gfw2-data.s3.amazonaws.com/climate/Hansen_emissions/2018_loss/per_pixel/30N_110E_tCO2_pixel_AGB_masked_by_loss.tif,30N_110E
106,{B82A7455-59A7-4120-905E-A19C0515A334},4687427.6492,1369807392156.79,http://gfw2-data.s3.amazonaws.com/climate/Hansen_emissions/2018_loss/per_hectare/30N_110W_tCO2_ha_AGB_masked_by_loss.tif,http://gfw2-data.s3.amazonaws.com/climate/Hansen_emissions/2018_loss/per_pixel/30N_110W_tCO2_pixel_AGB_masked_by_loss.tif,30N_110W
107,{BD7F32ED-5AE1-4DA7-986A-C91D02C4AB70},4687427.64899999,1369807392033.74,http://gfw2-data.s3.amazonaws.com/climate/Hansen_emissions/2018_loss/per_hectare/30N_120E_tCO2_ha_AGB_masked_by_loss.tif,http://gfw2-data.s3.amazonaws.com/climate/Hansen_emissions/2018_loss/per_pixel/30N_120E_tCO2_pixel_AGB_masked_by_loss.tif,30N_120E
108,{387C49C3-DC06-47AB-BD82-CBA50838A3A3},4687427.64899999,1369807392033.74,http://gfw2-data.s3.amazonaws.com/climate/Hansen_emissions/2018_loss/per_hectare/30N_120W_tCO2_ha_AGB_masked_by_loss.tif,http://gfw2-data.s3.amazonaws.com/climate/Hansen_emissions/2018_loss/per_pixel/30N_120W_tCO2_pixel_AGB_masked_by_loss.tif,30N_120W
109,{CA81A7F6-B4DA-4D82-A702-C056AB57A5EC},4687427.649,1369807392033.74,http://gfw2-data.s3.amazonaws.com/climate/Hansen_emissions/2018_loss/per_hectare/30N_160W_tCO2_ha_AGB_masked_by_loss.tif,http://gfw2-data.s3.amazonaws.com/climate/Hansen_emissions/2018_loss/per_pixel/30N_160W_tCO2_pixel_AGB_masked_by_loss.tif,30N_160W
110,{F058375C-7679-45B0-A377-2D26A1D6C364},4951174.688,1516608322452.92,http://gfw2-data.s3.amazonaws.com/climate/Hansen_emissions/2018_loss/per_hectare/30S_010E_tCO2_ha_AGB_masked_by_loss.tif,http://gfw2-data.s3.amazonaws.com/climate/Hansen_emissions/2018_loss/per_pixel/30S_010E_tCO2_pixel_AGB_masked_by_loss.tif,30S_010E
111,{05A67197-F2C6-4132-85E2-E469B4AAD951},4951174.6878,1516608322316.67,http://gfw2-data.s3.amazonaws.com/climate/Hansen_emissions/2018_loss/per_hectare/30S_020E_tCO2_ha_AGB_masked_by_loss.tif,http://gfw2-data.s3.amazonaws.com/climate/Hansen_emissions/2018_loss/per_pixel/30S_020E_tCO2_pixel_AGB_masked_by_loss.tif,30S_020E
112,{D2AC7AE6-6304-446F-80DF-E2300C4C0906},4951174.68780001,1516608322316.68,http://gfw2-data.s3.amazonaws.com/climate/Hansen_emissions/2018_loss/per_hectare/30S_030E_tCO2_ha_AGB_masked_by_loss.tif,http://gfw2-data.s3.amazonaws.com/climate/Hansen_emissions/2018_loss/per_pixel/30S_030E_tCO2_pixel_AGB_masked_by_loss.tif,30S_030E
113,{A031926B-2BB3-42C4-A436-A02C5865ECAC},4951174.6878,1516608322316.68,http://gfw2-data.s3.amazonaws.com/climate/Hansen_emissions/2018_loss/per_hectare/30S_060W_tCO2_ha_AGB_masked_by_loss.tif,http://gfw2-data.s3.amazonaws.com/climate/Hansen_emissions/2018_loss/per_pixel/30S_060W_tCO2_pixel_AGB_masked_by_loss.tif,30S_060W
114,{6B6D095A-51B9-453C-85BA-3ACE5D94F622},4951174.6878,1516608322316.68,http://gfw2-data.s3.amazonaws.com/climate/Hansen_emissions/2018_loss/per_hectare/30S_070W_tCO2_ha_AGB_masked_by_loss.tif,http://gfw2-data.s3.amazonaws.com/climate/Hansen_emissions/2018_loss/per_pixel/30S_070W_tCO2_pixel_AGB_masked_by_loss.tif,30S_070W
115,{1A28CAE9-509E-4F0D-8CD3-1D31A1323CF2},4951174.688,1516608322452.92,http://gfw2-data.s3.amazonaws.com/climate/Hansen_emissions/2018_loss/per_hectare/30S_080W_tCO2_ha_AGB_masked_by_loss.tif,http://gfw2-data.s3.amazonaws.com/climate/Hansen_emissions/2018_loss/per_pixel/30S_080W_tCO2_pixel_AGB_masked_by_loss.tif,30S_080W
116,{8554972C-422D-4013-A2C6-3B33330D72AD},4951174.6878,1516608322316.67,http://gfw2-data.s3.amazonaws.com/climate/Hansen_emissions/2018_loss/per_hectare/30S_110E_tCO2_ha_AGB_masked_by_loss.tif,http://gfw2-data.s3.amazonaws.com/climate/Hansen_emissions/2018_loss/per_pixel/30S_110E_tCO2_pixel_AGB_masked_by_loss.tif,30S_110E
117,{3973E7A7-AC5F-44AF-BF57-E666DDF7A0F4},4951174.6878,1516608322316.67,http://gfw2-data.s3.amazonaws.com/climate/Hansen_emissions/2018_loss/per_hectare/30S_120E_tCO2_ha_AGB_masked_by_loss.tif,http://gfw2-data.s3.amazonaws.com/climate/Hansen_emissions/2018_loss/per_pixel/30S_120E_tCO2_pixel_AGB_masked_by_loss.tif,30S_120E
118,{E30ECEBC-C135-4CE7-8ACA-D4DE2D8B8ACE},4951174.688,1516608322452.92,http://gfw2-data.s3.amazonaws.com/climate/Hansen_emissions/2018_loss/per_hectare/30S_130E_tCO2_ha_AGB_masked_by_loss.tif,http://gfw2-data.s3.amazonaws.com/climate/Hansen_emissions/2018_loss/per_pixel/30S_130E_tCO2_pixel_AGB_masked_by_loss.tif,30S_130E
119,{D9111F1C-DA65-448F-A9C7-C26BE48D236C},4951174.68780001,1516608322316.69,http://gfw2-data.s3.amazonaws.com/climate/Hansen_emissions/2018_loss/per_hectare/30S_140E_tCO2_ha_AGB_masked_by_loss.tif,http://gfw2-data.s3.amazonaws.com/climate/Hansen_emissions/2018_loss/per_pixel/30S_140E_tCO2_pixel_AGB_masked_by_loss.tif,30S_140E
120,{28D16DC9-AE27-44D3-A291-393643223252},4951174.6878,1516608322316.67,http://gfw2-data.s3.amazonaws.com/climate/Hansen_emissions/2018_loss/per_hectare/30S_150E_tCO2_ha_AGB_masked_by_loss.tif,http://gfw2-data.s3.amazonaws.com/climate/Hansen_emissions/2018_loss/per_pixel/30S_150E_tCO2_pixel_AGB_masked_by_loss.tif,30S_150E
121,{A9A81FCD-A2BD-43BD-A1A1-422EC631E46B},4951172.1366,1516606584448.88,http://gfw2-data.s3.amazonaws.com/climate/Hansen_emissions/2018_loss/per_hectare/30S_170E_tCO2_ha_AGB_masked_by_loss.tif,http://gfw2-data.s3.amazonaws.com/climate/Hansen_emissions/2018_loss/per_pixel/30S_170E_tCO2_pixel_AGB_masked_by_loss.tif,30S_170E
